weather_id,weather_info,wind_speed,temperature,time
501,Rain,3.09,5.38,2023-03-06 15
500,Rain,3.6,5.39,2023-03-06 16
500,Rain,2.57,5.15,2023-03-06 17
500,Rain,3.09,4.88,2023-03-06 18
500,Rain,3.6,4.48,2023-03-06 19
500,Rain,4.63,3.75,2023-03-06 20
803,Clouds,5.14,3.3,2023-03-06 21
500,Rain,4.12,3.41,2023-03-06 22
500,Rain,4.12,2.85,2023-03-06 23
803,Clouds,4.12,2.61,2023-03-07 00
803,Clouds,3.09,2.52,2023-03-07 01
803,Clouds,4.12,2.36,2023-03-07 02
800,Clear,4.92,1.87,2023-03-07 03
803,Clouds,4.63,1.12,2023-03-07 04
800,Clear,2.57,0.82,2023-03-07 05
803,Clouds,4.12,-0.19,2023-03-07 06
803,Clouds,4.63,-0.68,2023-03-07 07
803,Clouds,4.12,-0.52,2023-03-07 08
801,Clouds,4.12,0.02,2023-03-07 09
801,Clouds,3.6,1.24,2023-03-07 10
801,Clouds,3.6,3.07,2023-03-07 11
802,Clouds,4.12,4.72,2023-03-07 12
801,Clouds,2.57,4.82,2023-03-07 13
802,Clouds,3.6,5.41,2023-03-07 14
802,Clouds,2.06,5.31,2023-03-07 15
801,Clouds,3.6,5.44,2023-03-07 16
801,Clouds,3.09,5.0,2023-03-07 17
801,Clouds,3.09,3.71,2023-03-07 17
801,Clouds,3.09,3.63,2023-03-07 18
801,Clouds,2.57,1.54,2023-03-07 19
801,Clouds,1.54,0.42,2023-03-07 20
803,Clouds,2.06,-0.29,2023-03-07 21
803,Clouds,2.06,0.44,2023-03-07 22
803,Clouds,3.09,1.26,2023-03-07 23
803,Clouds,2.57,1.41,2023-03-08 00
803,Clouds,3.6,2.38,2023-03-08 01
803,Clouds,5.14,3.29,2023-03-08 02
803,Clouds,5.14,3.32,2023-03-08 03
803,Clouds,5.66,3.32,2023-03-08 04
803,Clouds,6.17,3.42,2023-03-08 05
803,Clouds,6.17,3.18,2023-03-08 06
803,Clouds,6.71,3.18,2023-03-08 07
803,Clouds,6.69,3.39,2023-03-08 08
803,Clouds,7.2,3.78,2023-03-08 09
500,Rain,7.72,4.42,2023-03-08 10
803,Clouds,9.26,4.72,2023-03-08 11
500,Rain,9.26,5.09,2023-03-08 12
803,Clouds,9.26,5.54,2023-03-08 13
803,Clouds,8.75,4.94,2023-03-08 14
803,Clouds,9.26,5.0,2023-03-08 14
803,Clouds,9.77,5.0,2023-03-08 15
803,Clouds,8.75,4.41,2023-03-08 16
803,Clouds,10.29,3.45,2023-03-08 17
500,Rain,8.75,3.33,2023-03-08 18
803,Clouds,8.49,3.33,2023-03-08 19
803,Clouds,8.23,3.25,2023-03-08 20
803,Clouds,8.23,3.66,2023-03-08 21
803,Clouds,7.2,3.5,2023-03-08 22
500,Rain,7.72,3.4,2023-03-08 23
803,Clouds,7.72,3.1,2023-03-09 00
803,Clouds,6.71,3.08,2023-03-09 01
803,Clouds,5.81,3.08,2023-03-09 02
500,Rain,5.66,3.28,2023-03-09 03
500,Rain,6.17,3.33,2023-03-09 04
500,Rain,6.17,2.83,2023-03-09 05
500,Rain,6.17,2.55,2023-03-09 06
500,Rain,7.72,2.26,2023-03-09 07
501,Rain,7.15,2.32,2023-03-09 08
501,Rain,7.2,2.55,2023-03-09 09
500,Rain,7.72,2.55,2023-03-09 10
601,Snow,7.72,2.7,2023-03-09 11
501,Rain,8.75,2.94,2023-03-09 12
500,Rain,9.26,3.34,2023-03-09 13
601,Snow,8.75,3.06,2023-03-09 14
501,Rain,8.75,3.28,2023-03-09 15
500,Rain,9.26,3.79,2023-03-09 16
500,Rain,11.32,3.89,2023-03-09 17
500,Rain,11.83,3.66,2023-03-09 18
611,Snow,8.75,3.47,2023-03-09 19
500,Rain,13.89,3.09,2023-03-09 20
500,Rain,12.86,2.45,2023-03-09 21
611,Snow,10.8,2.61,2023-03-09 22
501,Rain,10.29,2.02,2023-03-09 23
601,Snow,11.32,1.6,2023-03-10 00
601,Snow,10.8,1.59,2023-03-10 01
611,Snow,9.77,1.48,2023-03-10 02
601,Snow,6.17,0.56,2023-03-10 03
600,Snow,7.72,0.69,2023-03-10 04
601,Snow,7.72,0.51,2023-03-10 05
601,Snow,6.69,0.64,2023-03-10 06
601,Snow,5.66,0.69,2023-03-10 07
802,Clouds,3.6,0.55,2023-03-10 08
601,Snow,4.63,0.74,2023-03-10 09
501,Rain,4.12,1.3,2023-03-10 10
803,Clouds,4.12,1.9,2023-03-10 11
803,Clouds,3.6,3.08,2023-03-10 12
803,Clouds,3.09,3.89,2023-03-10 13
803,Clouds,2.57,4.96,2023-03-10 14
802,Clouds,2.06,5.83,2023-03-10 15
801,Clouds,3.09,5.74,2023-03-10 16
801,Clouds,3.6,5.31,2023-03-10 17
801,Clouds,3.09,3.67,2023-03-10 18
802,Clouds,2.24,1.2,2023-03-10 19
800,Clear,1.54,1.37,2023-03-10 20
800,Clear,1.54,0.43,2023-03-10 21
800,Clear,2.57,-0.16,2023-03-10 22
803,Clouds,2.06,0.48,2023-03-10 23
803,Clouds,3.09,0.5,2023-03-11 00
803,Clouds,1.54,1.24,2023-03-11 01
803,Clouds,1.03,1.72,2023-03-11 02
600,Snow,3.09,1.79,2023-03-11 03
500,Rain,1.54,2.69,2023-03-11 04
500,Rain,4.63,3.08,2023-03-11 05
500,Rain,3.09,2.42,2023-03-11 06
803,Clouds,4.12,2.68,2023-03-11 07
500,Rain,3.6,3.42,2023-03-11 08
500,Rain,6.17,3.9,2023-03-11 09
803,Clouds,6.69,4.63,2023-03-11 10
500,Rain,7.72,4.57,2023-03-11 11
501,Rain,6.69,4.28,2023-03-11 12
611,Snow,6.17,3.84,2023-03-11 13
501,Rain,6.69,4.96,2023-03-11 14
803,Clouds,7.72,5.53,2023-03-11 15
803,Clouds,7.72,5.95,2023-03-11 16
803,Clouds,6.69,6.47,2023-03-11 17
803,Clouds,4.63,6.73,2023-03-11 18
803,Clouds,8.23,8.22,2023-03-11 19
803,Clouds,7.72,10.07,2023-03-11 20
803,Clouds,8.75,10.04,2023-03-11 21
803,Clouds,9.77,9.98,2023-03-11 22
803,Clouds,8.75,9.8,2023-03-11 23
803,Clouds,9.77,9.42,2023-03-12 00
803,Clouds,8.23,9.31,2023-03-12 01
803,Clouds,8.75,9.26,2023-03-12 02
803,Clouds,9.26,8.83,2023-03-12 03
803,Clouds,8.23,8.93,2023-03-12 04
803,Clouds,7.72,8.74,2023-03-12 05
803,Clouds,9.26,8.71,2023-03-12 06
803,Clouds,7.2,8.63,2023-03-12 07
803,Clouds,7.2,8.66,2023-03-12 08
803,Clouds,7.72,9.13,2023-03-12 09
803,Clouds,6.69,10.38,2023-03-12 10
803,Clouds,5.14,12.72,2023-03-12 11
803,Clouds,7.2,12.81,2023-03-12 12
803,Clouds,8.23,12.61,2023-03-12 13
803,Clouds,9.26,12.97,2023-03-12 14
803,Clouds,9.26,12.71,2023-03-12 15
803,Clouds,9.26,12.49,2023-03-12 16
500,Rain,8.75,12.54,2023-03-12 17
500,Rain,7.2,12.18,2023-03-12 18
500,Rain,5.14,11.22,2023-03-12 19
500,Rain,3.6,11.08,2023-03-12 20
803,Clouds,7.2,11.29,2023-03-12 21
501,Rain,7.72,12.37,2023-03-12 22
803,Clouds,10.29,12.25,2023-03-12 23
803,Clouds,12.35,12.63,2023-03-13 00
803,Clouds,9.77,12.63,2023-03-13 01
501,Rain,11.32,12.59,2023-03-13 02
803,Clouds,10.8,12.49,2023-03-13 03
803,Clouds,11.32,11.72,2023-03-13 04
520,Rain,9.26,10.46,2023-03-13 05
520,Rain,9.77,10.46,2023-03-13 06
803,Clouds,10.29,10.37,2023-03-13 07
803,Clouds,10.29,10.58,2023-03-13 08
803,Clouds,9.77,11.04,2023-03-13 09
300,Drizzle,10.29,11.58,2023-03-13 10
803,Clouds,8.75,11.91,2023-03-13 11
300,Drizzle,8.75,12.68,2023-03-13 12
803,Clouds,11.83,13.82,2023-03-13 13
520,Rain,10.29,13.1,2023-03-13 14
520,Rain,7.2,10.17,2023-03-13 15
803,Clouds,6.69,9.28,2023-03-13 16
803,Clouds,6.17,8.43,2023-03-13 17
803,Clouds,7.6,7.93,2023-03-13 18
802,Clouds,6.71,6.92,2023-03-13 19
802,Clouds,7.2,6.17,2023-03-13 20
802,Clouds,7.72,5.26,2023-03-13 21
801,Clouds,6.71,4.57,2023-03-13 22
801,Clouds,7.2,3.75,2023-03-13 23
801,Clouds,6.71,3.36,2023-03-14 00
801,Clouds,6.17,3.05,2023-03-14 01
520,Rain,6.69,3.24,2023-03-14 02
520,Rain,6.71,2.17,2023-03-14 03
803,Clouds,5.66,2.36,2023-03-14 04
803,Clouds,5.14,2.06,2023-03-14 05
802,Clouds,5.14,1.29,2023-03-14 06
802,Clouds,4.12,1.23,2023-03-14 07
801,Clouds,4.63,1.76,2023-03-14 08
803,Clouds,6.17,2.81,2023-03-14 09
802,Clouds,6.17,4.37,2023-03-14 10
803,Clouds,8.23,5.57,2023-03-14 11
803,Clouds,9.26,7.01,2023-03-14 12
803,Clouds,9.26,6.04,2023-03-14 13
803,Clouds,8.75,5.66,2023-03-14 14
500,Rain,6.69,6.8,2023-03-14 15
802,Clouds,7.72,4.19,2023-03-14 16
801,Clouds,5.14,5.32,2023-03-14 17
801,Clouds,6.71,5.48,2023-03-14 18
801,Clouds,4.63,4.0,2023-03-14 19
802,Clouds,5.14,3.49,2023-03-14 20
801,Clouds,4.63,2.96,2023-03-14 21
801,Clouds,4.63,2.05,2023-03-14 22
801,Clouds,3.6,2.0,2023-03-14 23
801,Clouds,3.09,1.68,2023-03-15 00
801,Clouds,3.09,1.92,2023-03-15 01
801,Clouds,4.12,0.79,2023-03-15 02
803,Clouds,2.57,0.73,2023-03-15 03
803,Clouds,3.6,1.07,2023-03-15 04
803,Clouds,2.57,1.57,2023-03-15 05
803,Clouds,2.06,2.44,2023-03-15 06
500,Rain,2.57,3.35,2023-03-15 07
500,Rain,4.63,4.07,2023-03-15 08
500,Rain,3.6,4.62,2023-03-15 09
500,Rain,2.06,4.72,2023-03-15 10
500,Rain,2.68,5.37,2023-03-15 11
500,Rain,5.14,6.35,2023-03-15 12
500,Rain,6.69,7.51,2023-03-15 13
500,Rain,7.72,8.2,2023-03-15 14
500,Rain,6.17,8.64,2023-03-15 15
501,Rain,7.2,9.14,2023-03-15 16
501,Rain,9.26,9.31,2023-03-15 17
500,Rain,8.75,9.45,2023-03-15 18
803,Clouds,8.75,9.75,2023-03-15 19
300,Drizzle,10.29,9.95,2023-03-15 20
803,Clouds,7.2,10.34,2023-03-15 21
500,Rain,7.72,11.01,2023-03-15 22
500,Rain,8.75,11.04,2023-03-15 23
500,Rain,7.72,11.3,2023-03-16 00
500,Rain,8.23,11.4,2023-03-16 01
803,Clouds,8.23,11.55,2023-03-16 02
803,Clouds,7.72,11.77,2023-03-16 03
803,Clouds,9.77,11.86,2023-03-16 04
803,Clouds,8.23,11.97,2023-03-16 05
501,Rain,9.77,11.86,2023-03-16 06
500,Rain,9.77,11.76,2023-03-16 07
803,Clouds,9.26,11.77,2023-03-16 08
300,Drizzle,7.72,12.28,2023-03-16 09
803,Clouds,8.23,13.25,2023-03-16 10
803,Clouds,8.23,13.57,2023-03-16 11
803,Clouds,8.75,13.89,2023-03-16 12
803,Clouds,7.72,14.66,2023-03-16 13
803,Clouds,6.69,15.06,2023-03-16 14
803,Clouds,7.2,15.63,2023-03-16 15
803,Clouds,6.69,15.02,2023-03-16 16
802,Clouds,7.2,14.4,2023-03-16 17
802,Clouds,7.2,13.81,2023-03-16 18
801,Clouds,6.17,12.2,2023-03-16 19
801,Clouds,5.14,11.0,2023-03-16 20
801,Clouds,5.66,10.82,2023-03-16 21
801,Clouds,3.09,10.48,2023-03-16 22
801,Clouds,6.17,9.88,2023-03-16 23
801,Clouds,7.2,9.97,2023-03-17 00
801,Clouds,5.66,9.94,2023-03-17 01
802,Clouds,5.66,9.72,2023-03-17 02
803,Clouds,5.66,9.77,2023-03-17 03
802,Clouds,4.63,9.18,2023-03-17 04
803,Clouds,5.66,9.23,2023-03-17 05
803,Clouds,3.6,9.51,2023-03-17 06
803,Clouds,3.6,9.62,2023-03-17 07
803,Clouds,3.09,10.11,2023-03-17 08
803,Clouds,5.66,11.26,2023-03-17 09
500,Rain,5.14,11.64,2023-03-17 10
520,Rain,5.14,11.58,2023-03-17 11
500,Rain,3.6,11.46,2023-03-17 12
803,Clouds,4.63,11.87,2023-03-17 13
803,Clouds,5.36,12.1,2023-03-17 14
803,Clouds,5.14,12.65,2023-03-17 15
803,Clouds,5.14,12.37,2023-03-17 16
803,Clouds,5.14,12.89,2023-03-17 17
803,Clouds,5.14,12.21,2023-03-17 18
803,Clouds,4.12,11.71,2023-03-17 19
803,Clouds,3.6,10.67,2023-03-17 20
803,Clouds,3.6,10.21,2023-03-17 21
803,Clouds,1.54,10.14,2023-03-17 22
802,Clouds,3.6,10.02,2023-03-17 23
803,Clouds,1.54,9.56,2023-03-18 00
803,Clouds,1.54,9.66,2023-03-18 01
803,Clouds,2.06,9.66,2023-03-18 02
803,Clouds,2.06,9.83,2023-03-18 03
803,Clouds,2.57,9.41,2023-03-18 04
803,Clouds,1.54,9.33,2023-03-18 05
803,Clouds,1.54,8.79,2023-03-18 06
803,Clouds,3.09,8.58,2023-03-18 07
803,Clouds,4.12,9.14,2023-03-18 08
803,Clouds,3.09,10.98,2023-03-18 09
803,Clouds,4.12,12.15,2023-03-18 10
300,Drizzle,5.66,12.09,2023-03-18 11
300,Drizzle,5.14,11.69,2023-03-18 12
500,Rain,8.75,9.72,2023-03-18 13
803,Clouds,8.05,9.64,2023-03-18 14
803,Clouds,7.2,10.35,2023-03-18 15
803,Clouds,7.2,9.71,2023-03-18 16
801,Clouds,10.29,10.16,2023-03-18 17
801,Clouds,7.2,9.05,2023-03-18 18
801,Clouds,7.2,7.8,2023-03-18 19
801,Clouds,7.2,6.94,2023-03-18 20
801,Clouds,7.2,6.55,2023-03-18 21
801,Clouds,6.17,6.1,2023-03-18 22
801,Clouds,6.17,6.04,2023-03-18 23
801,Clouds,6.69,5.23,2023-03-19 00
801,Clouds,5.14,4.65,2023-03-19 01
801,Clouds,6.71,4.38,2023-03-19 02
803,Clouds,6.71,4.24,2023-03-19 03
801,Clouds,5.66,4.24,2023-03-19 04
801,Clouds,5.14,3.99,2023-03-19 05
801,Clouds,4.63,3.62,2023-03-19 06
801,Clouds,4.63,3.29,2023-03-19 07
801,Clouds,4.12,4.05,2023-03-19 08
803,Clouds,3.6,5.77,2023-03-19 09
803,Clouds,3.6,7.9,2023-03-19 10
803,Clouds,4.63,8.3,2023-03-19 11
500,Rain,4.12,8.88,2023-03-19 12
500,Rain,5.14,9.43,2023-03-19 13
500,Rain,5.14,9.18,2023-03-19 14
500,Rain,6.69,8.71,2023-03-19 15
500,Rain,5.14,7.88,2023-03-19 16
500,Rain,3.09,7.36,2023-03-19 17
803,Clouds,3.6,7.27,2023-03-19 18
803,Clouds,7.2,7.97,2023-03-19 19
803,Clouds,8.75,9.14,2023-03-19 20
803,Clouds,8.23,10.53,2023-03-19 21
803,Clouds,7.72,11.31,2023-03-19 22
803,Clouds,9.26,11.64,2023-03-19 23
803,Clouds,7.2,11.83,2023-03-20 00
803,Clouds,6.69,11.72,2023-03-20 01
803,Clouds,6.69,11.79,2023-03-20 02
803,Clouds,7.2,12.14,2023-03-20 03
803,Clouds,4.12,12.27,2023-03-20 04
803,Clouds,5.66,11.83,2023-03-20 05
500,Rain,7.2,11.34,2023-03-20 06
803,Clouds,5.14,11.17,2023-03-20 07
803,Clouds,4.63,11.33,2023-03-20 08
803,Clouds,6.17,12.11,2023-03-20 09
803,Clouds,6.69,13.3,2023-03-20 10
803,Clouds,7.72,14.25,2023-03-20 11
803,Clouds,6.69,14.31,2023-03-20 12
803,Clouds,6.17,14.64,2023-03-20 13
803,Clouds,6.69,15.85,2023-03-20 14
803,Clouds,4.63,15.41,2023-03-20 15
803,Clouds,6.69,14.88,2023-03-20 16
803,Clouds,5.14,14.36,2023-03-20 17
803,Clouds,4.12,13.48,2023-03-20 18
803,Clouds,4.12,13.17,2023-03-20 19
803,Clouds,6.17,11.92,2023-03-20 20
500,Rain,6.69,11.63,2023-03-20 21
501,Rain,7.2,12.04,2023-03-20 22
803,Clouds,5.14,11.66,2023-03-20 23
803,Clouds,6.17,11.09,2023-03-21 00
802,Clouds,5.66,10.84,2023-03-21 01
803,Clouds,4.63,10.76,2023-03-21 02
803,Clouds,4.63,10.41,2023-03-21 03
803,Clouds,4.63,9.96,2023-03-21 04
803,Clouds,3.6,9.93,2023-03-21 05
803,Clouds,3.6,10.32,2023-03-21 06
803,Clouds,7.2,10.25,2023-03-21 07
803,Clouds,6.17,10.37,2023-03-21 08
803,Clouds,5.81,10.51,2023-03-21 09
803,Clouds,6.69,11.48,2023-03-21 10
300,Drizzle,7.72,12.08,2023-03-21 11
803,Clouds,7.72,12.58,2023-03-21 12
803,Clouds,6.17,12.84,2023-03-21 13
803,Clouds,8.75,12.77,2023-03-21 14
310,Drizzle,7.72,12.54,2023-03-21 15
501,Rain,8.23,11.78,2023-03-21 16
500,Rain,7.72,11.2,2023-03-21 17
500,Rain,8.75,11.25,2023-03-21 18
500,Rain,7.2,11.44,2023-03-21 19
501,Rain,11.83,11.76,2023-03-21 20
500,Rain,11.32,11.97,2023-03-21 21
500,Rain,9.77,12.19,2023-03-21 22
501,Rain,11.32,12.11,2023-03-21 23
501,Rain,10.29,12.12,2023-03-22 00
803,Clouds,8.75,12.18,2023-03-22 01
803,Clouds,9.77,9.99,2023-03-22 02
802,Clouds,12.35,8.71,2023-03-22 03
802,Clouds,11.83,7.63,2023-03-22 04
801,Clouds,8.75,7.38,2023-03-22 05
802,Clouds,9.26,6.87,2023-03-22 06
801,Clouds,8.75,7.37,2023-03-22 07
801,Clouds,8.75,7.99,2023-03-22 08
800,Clear,8.75,9.07,2023-03-22 09
803,Clouds,9.26,10.14,2023-03-22 10
803,Clouds,10.29,11.26,2023-03-22 11
802,Clouds,8.75,11.19,2023-03-22 12
802,Clouds,10.29,12.25,2023-03-22 13
801,Clouds,8.75,13.08,2023-03-22 14
803,Clouds,8.75,12.77,2023-03-22 15
520,Rain,10.29,11.88,2023-03-22 16
803,Clouds,11.32,11.6,2023-03-22 17
803,Clouds,8.23,10.78,2023-03-22 18
802,Clouds,8.23,10.12,2023-03-22 19
803,Clouds,7.72,8.94,2023-03-22 20
801,Clouds,7.2,8.47,2023-03-22 21
803,Clouds,9.77,8.05,2023-03-22 22
802,Clouds,5.36,7.64,2023-03-22 23
801,Clouds,6.17,7.39,2023-03-23 00
520,Rain,7.72,8.04,2023-03-23 01
520,Rain,8.23,7.58,2023-03-23 02
520,Rain,9.26,7.04,2023-03-23 03
803,Clouds,5.66,7.41,2023-03-23 04
803,Clouds,6.69,7.87,2023-03-23 05
801,Clouds,7.72,7.94,2023-03-23 06
802,Clouds,8.23,8.05,2023-03-23 07
801,Clouds,9.26,8.83,2023-03-23 08
801,Clouds,9.77,10.08,2023-03-23 09
801,Clouds,10.29,11.5,2023-03-23 10
801,Clouds,9.77,12.25,2023-03-23 11
803,Clouds,10.8,13.04,2023-03-23 12
802,Clouds,10.8,13.08,2023-03-23 13
500,Rain,11.32,13.33,2023-03-23 14
802,Clouds,12.86,13.56,2023-03-23 15
803,Clouds,10.28,13.37,2023-03-23 16
802,Clouds,8.75,12.01,2023-03-23 17
803,Clouds,7.2,11.07,2023-03-23 18
801,Clouds,7.72,10.1,2023-03-23 19
803,Clouds,7.72,9.07,2023-03-23 20
802,Clouds,12.35,8.28,2023-03-23 21
801,Clouds,8.75,7.83,2023-03-23 22
801,Clouds,10.29,7.54,2023-03-23 23
801,Clouds,9.77,7.27,2023-03-24 00
803,Clouds,9.26,7.72,2023-03-24 01
501,Rain,9.77,7.91,2023-03-24 02
803,Clouds,7.2,8.34,2023-03-24 03
803,Clouds,9.26,7.99,2023-03-24 04
803,Clouds,7.2,8.55,2023-03-24 05
803,Clouds,10.29,8.64,2023-03-24 06
803,Clouds,9.77,8.64,2023-03-24 07
803,Clouds,9.77,9.02,2023-03-24 08
802,Clouds,9.26,10.04,2023-03-24 09
803,Clouds,10.8,11.02,2023-03-24 10
803,Clouds,11.32,12.0,2023-03-24 11
802,Clouds,10.8,12.05,2023-03-24 12
802,Clouds,12.35,13.25,2023-03-24 13
520,Rain,11.83,12.2,2023-03-24 14
803,Clouds,12.35,9.46,2023-03-24 15
802,Clouds,13.38,10.0,2023-03-24 16
803,Clouds,13.89,9.95,2023-03-24 17
802,Clouds,12.35,9.09,2023-03-24 18
803,Clouds,12.35,8.5,2023-03-24 19
520,Rain,12.35,8.29,2023-03-24 20
803,Clouds,9.77,8.41,2023-03-24 21
803,Clouds,10.29,8.46,2023-03-24 22
803,Clouds,10.29,8.46,2023-03-24 23
803,Clouds,8.23,8.35,2023-03-25 00
803,Clouds,8.75,8.35,2023-03-25 01
803,Clouds,8.75,7.88,2023-03-25 02
802,Clouds,8.75,7.62,2023-03-25 03
802,Clouds,8.75,7.63,2023-03-25 04
802,Clouds,8.23,6.99,2023-03-25 05
803,Clouds,8.23,7.29,2023-03-25 06
803,Clouds,7.2,7.7,2023-03-25 07
803,Clouds,8.75,8.45,2023-03-25 08
803,Clouds,7.72,9.07,2023-03-25 09
803,Clouds,7.6,9.7,2023-03-25 10
803,Clouds,8.23,11.14,2023-03-25 11
803,Clouds,7.2,10.74,2023-03-25 12
803,Clouds,5.66,12.2,2023-03-25 13
802,Clouds,5.14,12.01,2023-03-25 14
803,Clouds,6.17,11.32,2023-03-25 15
803,Clouds,3.09,10.84,2023-03-25 16
802,Clouds,3.09,11.97,2023-03-25 17
803,Clouds,2.57,11.8,2023-03-25 18
803,Clouds,2.57,10.54,2023-03-25 19
803,Clouds,2.57,9.23,2023-03-25 20
803,Clouds,1.03,7.49,2023-03-25 21
802,Clouds,2.06,6.38,2023-03-25 22
802,Clouds,2.57,6.11,2023-03-25 23
803,Clouds,3.09,6.17,2023-03-26 00
701,Mist,2.57,7.73,2023-03-26 01
741,Fog,2.57,7.98,2023-03-26 02
741,Fog,3.09,8.12,2023-03-26 03
741,Fog,3.6,8.35,2023-03-26 04
701,Mist,5.66,8.46,2023-03-26 05
803,Clouds,5.66,8.18,2023-03-26 06
803,Clouds,5.66,7.83,2023-03-26 07
803,Clouds,5.14,7.93,2023-03-26 08
803,Clouds,5.66,7.69,2023-03-26 09
803,Clouds,5.66,7.7,2023-03-26 10
803,Clouds,4.63,7.56,2023-03-26 11
300,Drizzle,6.17,7.32,2023-03-26 12
500,Rain,7.2,7.54,2023-03-26 13
803,Clouds,6.17,8.26,2023-03-26 14
803,Clouds,6.69,8.73,2023-03-26 15
803,Clouds,6.69,8.88,2023-03-26 16
803,Clouds,4.63,8.31,2023-03-26 17
803,Clouds,4.63,7.9,2023-03-26 18
803,Clouds,3.6,7.53,2023-03-26 19
803,Clouds,4.12,7.2,2023-03-26 20
801,Clouds,2.57,6.07,2023-03-26 21
800,Clear,2.57,4.94,2023-03-26 22
800,Clear,2.06,4.08,2023-03-26 23
800,Clear,2.57,2.49,2023-03-27 00
800,Clear,2.06,1.4,2023-03-27 01
800,Clear,2.57,1.18,2023-03-27 02
800,Clear,1.54,0.07,2023-03-27 03
800,Clear,1.54,0.28,2023-03-27 04
800,Clear,2.06,-0.01,2023-03-27 05
801,Clouds,2.06,-0.23,2023-03-27 06
801,Clouds,2.06,0.09,2023-03-27 07
801,Clouds,2.06,2.86,2023-03-27 08
802,Clouds,3.6,5.67,2023-03-27 09
803,Clouds,3.09,7.33,2023-03-27 10
803,Clouds,3.6,8.83,2023-03-27 11
803,Clouds,3.6,9.28,2023-03-27 12
803,Clouds,5.14,9.44,2023-03-27 13
803,Clouds,5.36,10.23,2023-03-27 14
803,Clouds,5.14,10.35,2023-03-27 15
803,Clouds,5.66,10.39,2023-03-27 16
803,Clouds,6.71,9.81,2023-03-27 17
803,Clouds,5.66,8.62,2023-03-27 18
803,Clouds,4.92,8.28,2023-03-27 19
803,Clouds,4.12,7.56,2023-03-27 20
803,Clouds,4.63,7.66,2023-03-27 21
803,Clouds,5.14,7.77,2023-03-27 22
500,Rain,4.12,7.84,2023-03-27 23
501,Rain,5.14,8.57,2023-03-28 00
500,Rain,4.63,8.5,2023-03-28 01
500,Rain,3.6,8.52,2023-03-28 02
500,Rain,5.66,8.61,2023-03-28 03
803,Clouds,5.14,8.43,2023-03-28 04
500,Rain,8.23,8.33,2023-03-28 05
803,Clouds,4.63,8.19,2023-03-28 06
501,Rain,8.23,8.5,2023-03-28 07
803,Clouds,9.77,8.87,2023-03-28 08
803,Clouds,11.83,9.81,2023-03-28 09
803,Clouds,10.29,11.52,2023-03-28 10
803,Clouds,8.23,11.86,2023-03-28 11
803,Clouds,7.72,12.39,2023-03-28 12
803,Clouds,7.72,13.55,2023-03-28 13
803,Clouds,6.69,14.59,2023-03-28 14
803,Clouds,6.17,15.56,2023-03-28 15
803,Clouds,5.66,15.09,2023-03-28 16
803,Clouds,5.14,15.29,2023-03-28 17
803,Clouds,6.17,14.75,2023-03-28 18
803,Clouds,3.6,13.12,2023-03-28 19
803,Clouds,5.66,12.34,2023-03-28 20
803,Clouds,5.14,12.37,2023-03-28 21
803,Clouds,6.17,11.76,2023-03-28 22
803,Clouds,4.63,11.33,2023-03-28 23
803,Clouds,5.66,11.35,2023-03-29 00
803,Clouds,7.2,11.7,2023-03-29 01
803,Clouds,5.66,11.7,2023-03-29 02
803,Clouds,8.23,11.49,2023-03-29 03
803,Clouds,7.72,11.73,2023-03-29 04
803,Clouds,5.14,11.83,2023-03-29 05
803,Clouds,4.92,10.99,2023-03-29 06
803,Clouds,8.23,11.38,2023-03-29 07
803,Clouds,5.66,11.38,2023-03-29 08
803,Clouds,5.66,11.17,2023-03-29 09
701,Mist,5.66,11.21,2023-03-29 10
310,Drizzle,8.75,12.65,2023-03-29 11
300,Drizzle,10.29,13.39,2023-03-29 12
803,Clouds,10.29,15.98,2023-03-29 13
803,Clouds,10.8,16.23,2023-03-29 14
803,Clouds,10.29,16.24,2023-03-29 15
803,Clouds,8.75,15.8,2023-03-29 16
803,Clouds,9.77,14.74,2023-03-29 17
803,Clouds,7.2,14.58,2023-03-29 18
803,Clouds,3.09,6.8,2023-04-02 22
800,Clear,3.09,6.69,2023-04-02 23
800,Clear,3.09,6.53,2023-04-03 00
800,Clear,2.57,6.36,2023-04-03 01
800,Clear,2.57,6.44,2023-04-03 02
803,Clouds,2.57,6.73,2023-04-03 03
803,Clouds,3.09,6.96,2023-04-03 04
803,Clouds,2.57,7.07,2023-04-03 05
803,Clouds,2.57,7.68,2023-04-03 06
803,Clouds,5.14,8.15,2023-04-03 07
803,Clouds,5.66,9.09,2023-04-03 08
803,Clouds,5.66,9.16,2023-04-03 09
803,Clouds,5.66,9.71,2023-04-03 10
803,Clouds,6.17,9.57,2023-04-03 11
803,Clouds,5.66,10.18,2023-04-03 12
803,Clouds,6.17,10.5,2023-04-03 13
803,Clouds,7.2,11.05,2023-04-03 14
803,Clouds,7.2,11.35,2023-04-03 15
803,Clouds,6.71,11.56,2023-04-03 16
803,Clouds,5.66,11.19,2023-04-03 17
803,Clouds,5.14,10.19,2023-04-03 18
803,Clouds,4.12,8.96,2023-04-03 19
803,Clouds,3.09,7.3,2023-04-03 20
803,Clouds,2.68,6.7,2023-04-03 21
803,Clouds,1.54,5.9,2023-04-03 22
802,Clouds,3.6,5.88,2023-04-03 23
803,Clouds,4.12,5.86,2023-04-04 00
803,Clouds,3.09,5.75,2023-04-04 01
803,Clouds,2.57,6.87,2023-04-04 02
803,Clouds,1.34,6.51,2023-04-04 03
803,Clouds,2.06,7.25,2023-04-04 04
502,Rain,2.57,7.23,2023-04-04 05
500,Rain,4.12,7.58,2023-04-04 06
501,Rain,5.14,8.07,2023-04-04 07
500,Rain,2.57,8.37,2023-04-04 08
803,Clouds,3.6,9.38,2023-04-04 09
803,Clouds,5.66,9.82,2023-04-04 10
803,Clouds,5.66,11.16,2023-04-04 11
803,Clouds,6.17,11.92,2023-04-04 12
803,Clouds,6.69,12.73,2023-04-04 13
803,Clouds,7.2,13.75,2023-04-04 14
803,Clouds,7.2,14.13,2023-04-04 15
803,Clouds,7.2,14.36,2023-04-04 16
803,Clouds,8.23,12.91,2023-04-04 17
803,Clouds,8.75,11.62,2023-04-04 18
803,Clouds,7.2,11.02,2023-04-04 19
501,Rain,5.14,10.67,2023-04-04 20
500,Rain,6.17,9.59,2023-04-04 21
501,Rain,7.2,9.73,2023-04-04 22
500,Rain,7.2,9.91,2023-04-04 23
500,Rain,8.23,10.61,2023-04-05 00
803,Clouds,7.72,10.78,2023-04-05 01
803,Clouds,8.23,10.54,2023-04-05 02
803,Clouds,7.72,11.09,2023-04-05 03
803,Clouds,7.72,11.31,2023-04-05 04
803,Clouds,5.66,11.31,2023-04-05 05
803,Clouds,6.17,11.66,2023-04-05 06
803,Clouds,6.17,11.97,2023-04-05 07
803,Clouds,8.23,12.7,2023-04-05 08
500,Rain,6.69,13.55,2023-04-05 09
803,Clouds,6.69,14.04,2023-04-05 10
803,Clouds,5.14,14.47,2023-04-05 11
803,Clouds,6.69,14.77,2023-04-05 12
803,Clouds,7.2,14.89,2023-04-05 13
803,Clouds,6.17,14.37,2023-04-05 14
803,Clouds,6.17,14.73,2023-04-05 15
803,Clouds,6.17,12.9,2023-04-05 16
300,Drizzle,4.63,12.39,2023-04-05 17
803,Clouds,5.66,12.75,2023-04-05 18
803,Clouds,4.63,12.3,2023-04-05 19
803,Clouds,4.63,11.76,2023-04-05 20
803,Clouds,4.63,10.88,2023-04-05 21
803,Clouds,3.09,10.83,2023-04-05 22
803,Clouds,3.6,10.78,2023-04-05 23
803,Clouds,3.09,9.66,2023-04-06 00
803,Clouds,3.09,8.5,2023-04-06 01
803,Clouds,4.12,8.12,2023-04-06 02
803,Clouds,3.09,7.37,2023-04-06 03
803,Clouds,3.09,7.37,2023-04-06 04
803,Clouds,5.14,7.35,2023-04-06 05
501,Rain,4.12,7.42,2023-04-06 06
520,Rain,4.12,7.21,2023-04-06 07
803,Clouds,4.63,7.55,2023-04-06 08
500,Rain,4.63,8.37,2023-04-06 09
803,Clouds,5.66,8.96,2023-04-06 10
803,Clouds,6.17,10.29,2023-04-06 11
500,Rain,6.69,11.04,2023-04-06 12
802,Clouds,6.69,12.05,2023-04-06 13
500,Rain,6.17,12.6,2023-04-06 14
803,Clouds,6.17,12.96,2023-04-06 15
802,Clouds,7.72,12.7,2023-04-06 16
802,Clouds,8.23,12.59,2023-04-06 17
801,Clouds,6.69,12.1,2023-04-06 18
802,Clouds,4.12,10.37,2023-04-06 19
802,Clouds,3.6,8.42,2023-04-06 20
802,Clouds,3.09,6.5,2023-04-06 21
801,Clouds,4.12,6.59,2023-04-06 22
801,Clouds,3.09,5.71,2023-04-06 23
800,Clear,2.57,5.36,2023-04-07 00
801,Clouds,1.54,4.81,2023-04-07 01
801,Clouds,2.57,3.43,2023-04-07 02
800,Clear,1.54,2.94,2023-04-07 03
800,Clear,1.54,2.62,2023-04-07 04
800,Clear,1.54,3.19,2023-04-07 05
800,Clear,1.54,3.88,2023-04-07 06
802,Clouds,1.54,6.04,2023-04-07 07
803,Clouds,2.06,7.42,2023-04-07 08
803,Clouds,3.09,10.02,2023-04-07 09
803,Clouds,3.6,11.83,2023-04-07 10
803,Clouds,3.6,12.89,2023-04-07 11
803,Clouds,4.12,13.13,2023-04-07 12
802,Clouds,3.58,13.52,2023-04-07 13
803,Clouds,3.6,13.84,2023-04-07 14
803,Clouds,4.63,13.7,2023-04-07 15
803,Clouds,5.14,13.54,2023-04-07 16
803,Clouds,5.14,13.07,2023-04-07 17
803,Clouds,5.14,12.01,2023-04-07 18
803,Clouds,4.12,10.16,2023-04-07 19
803,Clouds,3.09,8.88,2023-04-07 20
802,Clouds,3.09,7.3,2023-04-07 21
802,Clouds,3.09,6.19,2023-04-07 22
802,Clouds,3.6,6.35,2023-04-07 23
802,Clouds,3.09,6.21,2023-04-08 00
802,Clouds,3.09,6.27,2023-04-08 01
803,Clouds,3.09,6.74,2023-04-08 02
803,Clouds,2.57,6.92,2023-04-08 03
803,Clouds,3.09,7.05,2023-04-08 04
803,Clouds,3.09,7.09,2023-04-08 05
803,Clouds,2.06,6.2,2023-04-08 06
803,Clouds,2.06,7.0,2023-04-08 07
802,Clouds,2.57,8.46,2023-04-08 08
803,Clouds,4.12,10.59,2023-04-08 09
803,Clouds,4.12,12.16,2023-04-08 10
803,Clouds,6.69,13.74,2023-04-08 11
803,Clouds,7.72,13.93,2023-04-08 12
803,Clouds,8.23,13.79,2023-04-08 13
803,Clouds,7.2,13.0,2023-04-08 14
803,Clouds,6.17,12.83,2023-04-08 15
803,Clouds,6.17,12.48,2023-04-08 16
803,Clouds,4.63,12.75,2023-04-08 17
803,Clouds,4.12,12.37,2023-04-08 18
803,Clouds,4.12,11.91,2023-04-08 19
803,Clouds,3.09,11.02,2023-04-08 20
803,Clouds,4.63,10.79,2023-04-08 21
803,Clouds,5.66,10.62,2023-04-08 22
803,Clouds,3.6,10.27,2023-04-08 23
803,Clouds,5.14,9.89,2023-04-09 00
803,Clouds,7.72,9.57,2023-04-09 01
803,Clouds,6.17,9.32,2023-04-09 02
803,Clouds,7.2,9.26,2023-04-09 03
803,Clouds,6.17,9.34,2023-04-09 04
803,Clouds,5.14,8.99,2023-04-09 05
803,Clouds,5.14,8.99,2023-04-09 06
803,Clouds,8.75,9.29,2023-04-09 07
803,Clouds,7.2,10.07,2023-04-09 08
803,Clouds,6.69,10.94,2023-04-09 09
803,Clouds,7.2,11.59,2023-04-09 10
803,Clouds,9.26,11.47,2023-04-09 11
803,Clouds,8.23,11.45,2023-04-09 12
500,Rain,7.72,11.91,2023-04-09 13
500,Rain,10.29,12.27,2023-04-09 14
500,Rain,6.69,12.74,2023-04-09 15
803,Clouds,7.72,12.38,2023-04-09 16
803,Clouds,6.17,12.74,2023-04-09 17
803,Clouds,8.75,12.32,2023-04-09 18
803,Clouds,7.72,11.87,2023-04-09 19
803,Clouds,8.75,11.74,2023-04-09 20
803,Clouds,7.72,11.4,2023-04-09 21
803,Clouds,7.2,10.96,2023-04-09 22
803,Clouds,7.2,10.51,2023-04-09 23
803,Clouds,7.2,10.82,2023-04-10 00
803,Clouds,8.23,10.13,2023-04-10 01
500,Rain,6.17,9.94,2023-04-10 02
803,Clouds,5.14,10.0,2023-04-10 03
520,Rain,7.72,9.81,2023-04-10 04
803,Clouds,7.72,9.1,2023-04-10 05
500,Rain,5.66,8.72,2023-04-10 06
500,Rain,6.17,9.07,2023-04-10 07
501,Rain,7.2,8.19,2023-04-10 08
803,Clouds,4.12,7.48,2023-04-10 09
803,Clouds,4.12,8.69,2023-04-10 10
803,Clouds,6.17,10.29,2023-04-10 11
520,Rain,8.23,10.45,2023-04-10 12
803,Clouds,8.75,8.9,2023-04-10 13
531,Rain,9.26,10.9,2023-04-10 14
802,Clouds,8.23,9.85,2023-04-10 15
803,Clouds,8.23,10.66,2023-04-10 16
502,Rain,9.26,9.07,2023-04-10 17
802,Clouds,9.77,8.15,2023-04-10 18
500,Rain,11.32,7.75,2023-04-10 19
801,Clouds,7.2,7.08,2023-04-10 20
802,Clouds,9.77,6.4,2023-04-10 21
802,Clouds,9.77,6.11,2023-04-10 22
802,Clouds,6.17,6.03,2023-04-10 23
802,Clouds,7.72,6.03,2023-04-11 00
801,Clouds,7.2,5.91,2023-04-11 01
801,Clouds,7.72,5.91,2023-04-11 02
801,Clouds,7.72,5.99,2023-04-11 03
801,Clouds,6.69,5.83,2023-04-11 04
801,Clouds,6.69,5.73,2023-04-11 05
801,Clouds,6.17,6.13,2023-04-11 06
802,Clouds,6.69,6.21,2023-04-11 07
803,Clouds,5.66,7.74,2023-04-11 08
803,Clouds,5.66,9.14,2023-04-11 09
803,Clouds,5.66,9.23,2023-04-11 10
803,Clouds,5.66,10.08,2023-04-11 11
500,Rain,6.69,10.11,2023-04-11 12
300,Drizzle,7.72,10.56,2023-04-11 13
500,Rain,7.2,10.39,2023-04-11 14
500,Rain,7.2,10.33,2023-04-11 15
500,Rain,8.23,9.94,2023-04-11 16
502,Rain,3.09,9.66,2023-04-11 17
501,Rain,9.77,6.08,2023-04-11 18
500,Rain,11.32,5.93,2023-04-11 19
803,Clouds,11.32,5.46,2023-04-11 20
803,Clouds,9.77,5.44,2023-04-11 21
803,Clouds,7.72,4.42,2023-04-11 22
801,Clouds,5.14,4.18,2023-04-11 23
801,Clouds,7.72,3.88,2023-04-12 00
801,Clouds,6.17,3.91,2023-04-12 01
802,Clouds,9.77,3.66,2023-04-12 02
801,Clouds,9.26,3.46,2023-04-12 03
801,Clouds,9.77,3.35,2023-04-12 04
803,Clouds,9.77,3.56,2023-04-12 05
501,Rain,9.26,4.58,2023-04-12 06
500,Rain,6.17,4.34,2023-04-12 07
520,Rain,6.17,3.41,2023-04-12 08
803,Clouds,3.6,4.37,2023-04-12 09
803,Clouds,7.72,5.37,2023-04-12 10
803,Clouds,9.26,6.37,2023-04-12 11
803,Clouds,9.26,7.27,2023-04-12 12
500,Rain,8.23,7.6,2023-04-12 13
520,Rain,7.72,5.56,2023-04-12 14
520,Rain,6.17,5.95,2023-04-12 15
520,Rain,13.89,6.74,2023-04-12 16
520,Rain,12.35,6.83,2023-04-12 17
520,Rain,13.89,6.81,2023-04-12 18
520,Rain,9.26,7.25,2023-04-12 19
803,Clouds,10.8,7.0,2023-04-12 20
803,Clouds,10.8,6.48,2023-04-12 21
803,Clouds,10.29,6.48,2023-04-12 22
802,Clouds,8.23,6.48,2023-04-12 23
803,Clouds,8.75,5.91,2023-04-13 00
803,Clouds,8.23,5.5,2023-04-13 01
801,Clouds,7.72,5.48,2023-04-13 02
802,Clouds,7.72,4.97,2023-04-13 03
801,Clouds,6.71,4.83,2023-04-13 04
801,Clouds,6.71,4.39,2023-04-13 05
801,Clouds,7.2,4.44,2023-04-13 06
801,Clouds,6.71,4.74,2023-04-13 07
801,Clouds,8.23,5.98,2023-04-13 08
801,Clouds,8.75,7.88,2023-04-13 09
801,Clouds,9.26,9.4,2023-04-13 10
802,Clouds,9.77,10.55,2023-04-13 11
803,Clouds,11.32,11.04,2023-04-13 12
802,Clouds,10.29,11.86,2023-04-13 13
802,Clouds,9.77,11.12,2023-04-13 14
803,Clouds,8.23,9.57,2023-04-13 15
803,Clouds,6.69,12.35,2023-04-13 16
501,Rain,6.71,10.43,2023-04-13 17
803,Clouds,4.63,10.24,2023-04-13 18
803,Clouds,5.14,9.31,2023-04-13 19
803,Clouds,3.6,6.67,2023-04-13 20
802,Clouds,2.57,5.68,2023-04-13 21
802,Clouds,1.54,5.98,2023-04-13 22
803,Clouds,2.06,5.93,2023-04-13 23
803,Clouds,1.79,5.72,2023-04-14 00
803,Clouds,2.57,4.83,2023-04-14 01
803,Clouds,3.09,3.75,2023-04-14 02
803,Clouds,2.06,3.65,2023-04-14 03
803,Clouds,1.54,3.47,2023-04-14 04
803,Clouds,1.03,3.74,2023-04-14 05
802,Clouds,2.57,2.45,2023-04-14 06
802,Clouds,3.09,3.32,2023-04-14 07
801,Clouds,3.6,5.77,2023-04-14 08
803,Clouds,3.6,7.66,2023-04-14 09
803,Clouds,3.6,9.47,2023-04-14 10
801,Clouds,4.63,10.4,2023-04-14 11
802,Clouds,5.14,10.51,2023-04-14 12
802,Clouds,5.14,11.74,2023-04-14 13
802,Clouds,5.14,12.16,2023-04-14 14
802,Clouds,6.17,12.7,2023-04-14 15
802,Clouds,6.69,13.19,2023-04-14 16
801,Clouds,5.66,12.79,2023-04-14 17
801,Clouds,7.72,11.11,2023-04-14 18
802,Clouds,6.69,10.16,2023-04-14 19
801,Clouds,5.14,8.37,2023-04-14 20
801,Clouds,5.14,6.43,2023-04-14 21
801,Clouds,4.12,5.9,2023-04-14 22
801,Clouds,4.12,5.52,2023-04-14 23
801,Clouds,4.12,5.2,2023-04-15 00
801,Clouds,5.14,5.62,2023-04-15 01
801,Clouds,5.14,5.26,2023-04-15 02
801,Clouds,4.12,4.96,2023-04-15 03
801,Clouds,3.6,5.21,2023-04-15 04
801,Clouds,2.57,4.34,2023-04-15 05
801,Clouds,3.6,3.77,2023-04-15 06
801,Clouds,2.68,4.64,2023-04-15 07
801,Clouds,2.57,6.83,2023-04-15 08
802,Clouds,1.54,9.24,2023-04-15 09
803,Clouds,1.03,11.31,2023-04-15 10
802,Clouds,2.57,11.89,2023-04-15 11
803,Clouds,3.6,12.37,2023-04-15 12
